category,original_value,fake_value
ORGANIZATION,KSH INTERNATIONAL LIMITED,Wilson-Davis
ORGANIZATION,KSH INTERNATIONAL LIMITED,Wilson-Davis
ORGANIZATION,Bhandary Metal Extrusion Private Limited,Young-Johnson
ORGANIZATION,Bhandary Metal Extrusion Private Limited,Young-Johnson
ORGANIZATION,KSH International Private Limited,"Johnson, Steele and Garcia"
ORGANIZATION,KSH International Limited,Wilson-Davis
PERSON,Sarthak Malvadkar,Dr. Austin Weaver
PHONE_NUMBER,+ 91 20 4505 3237,+ 05 97 9721 2108
EMAIL_ADDRESS,cs.connect@kshinternational.com,steven.guzman@example.com
ORGANIZATION,KSH International Limited,Wilson-Davis
ORGANIZATION,U.S. GAAP,Robertson Inc
ORGANIZATION,Non-GAAP financial,Holloway-Brown
ORGANIZATION,CARE Analytics and Advisory Private Limited,Rios and Sons
ORGANIZATION,Letter,Castillo-Kelly
PERSON,Kushal Subbayya Hegde,Kaitlin Roth
PERSON,Pushpa Kushal Hegde,Robert Alvarez
PERSON,Rajesh Kushal Hegde,James Bailey
PERSON,Rohit Kushal Hegde,Brittany Bass
PERSON,Rakhi Girija Shetty,Cassandra Moore
ORGANIZATION,Dhaulagiri Family Trust,"Torres, Williams and Hill"
ORGANIZATION,Everest Family Trust,Krueger and Sons
ORGANIZATION,Makalu Family Trust,Johnson LLC
ORGANIZATION,Broad Family Trust,Jones and Sons
ORGANIZATION,Annapurna Family Trust,"Bennett, Brown and Matthews"
ORGANIZATION,Kanchenjunga Family Trust,"Jones, Cook and Mckinney"
ORGANIZATION,Waterloo Industrial Park VI Private Limited,Mcdowell-Ortega
ORGANIZATION,KMPs,Gonzales PLC
PERSON,Kushal Subbayya Hegde,Kaitlin Roth
PERSON,Rajesh Kushal Hegde,James Bailey
PERSON,Rohit Kushal Hegde,Brittany Bass
PERSON,Rakhi Girija Shetty,Cassandra Moore
PERSON,Sandesh Bhagwat,Sandra Washington
PERSON,Amod Joshi,Jeffrey Wilson
PERSON,Sarthak Malvadkar,Dr. Austin Weaver
PERSON,Ganesh Prasad,Elizabeth Martinez
ORGANIZATION,Kirtane & Pandit LLP,"Scott, Lee and Rodriguez"
ORGANIZATION,Kirtane & Pandit LLP,"Scott, Lee and Rodriguez"
ORGANIZATION,Kirtane & Pandit LLP,"Scott, Lee and Rodriguez"
ORGANIZATION,Kirtane & Pandit LLP,"Scott, Lee and Rodriguez"
ORGANIZATION,Care Analytics and Advisory Private Limited,Rios and Sons
ORGANIZATION,Al-Ahleia Switchgear Co.,"Scott, Jones and Simmons"
ORGANIZATION,Bharat Bijlee Limited,Torres-Murray
ORGANIZATION,CG Power and Industrial Solutions Limited,Mcguire Ltd
ORGANIZATION,Emirates Transformer & Switchgear Limited,Lara-Robinson
ORGANIZATION,Georgia Transformer Corporation,Foster Inc
ORGANIZATION,Nidec Industrial Automation India Private Limited,"Morris, Buchanan and Le"
ORGANIZATION,Transformers & Rectifiers (India) Limited,Stanton-Charles
ORGANIZATION,Virginia Transformer Corporation,"Patrick, Moore and Odonnell"
ORGANIZATION,Ahlstrom Sweden AB,"Martin, Thomas and Payne"
ORGANIZATION,Cindus Corporation,Cook-Anderson
ORGANIZATION,Elantas Beck India Limited,Porter PLC
ORGANIZATION,Hindalco Industries Limited,Hess PLC
ORGANIZATION,Polycom Associates,"Fisher, Cisneros and Harris"
ORGANIZATION,Savli Copper Products Private Limited,Galvan-Harris
ORGANIZATION,Union Copper Rod LLC,"Tanner, Stevens and Young"
ORGANIZATION,Vedanta Limited Sterlite Copper,Garcia and Sons
ORGANIZATION,the KSH International Chakan Internal Kamgar Sangathna,"Nguyen, Smith and Leonard"
ORGANIZATION,Maharashtra Sales Tax Department,Reynolds Ltd
ORGANIZATION,KSH International Private Limited,"Johnson, Steele and Garcia"
ORGANIZATION,the Pune Metropolitan Region Development Authority,"Miller, Conner and Sexton"
ORGANIZATION,Bhandary Metal Extrusion Private Limited,Young-Johnson
ORGANIZATION,KSH International Private Limited,"Johnson, Steele and Garcia"
PERSON,Rajesh Kushal Hegde,James Bailey
PERSON,Rohit Kushal Hegde,Brittany Bass
PERSON,Rohit Kushal Hegde,Brittany Bass
ORGANIZATION,Kanj and Co LLP,Clark-Carson
PERSON,Karunakar N. Bhandary,Sarah Roberson
PERSON,Kushal Subbayya Hegde,Kaitlin Roth
PERSON,Narayna B. Shetty,Tammy Henderson
PERSON,Jayaram N. Shetty,Shannon Choi
ORGANIZATION,Care Analytics and Advisory Private Limited,Rios and Sons
PERSON,Kushal Subbayya Hegde,Kaitlin Roth
PERSON,Rajesh Kushal Hegde,James Bailey
PERSON,Rohit Kushal Hegde,Brittany Bass
PERSON,Rakhi Girija Shetty,Cassandra Moore
PERSON,Sandesh Bhagwat,Sandra Washington
PERSON,Amod Joshi,Jeffrey Wilson
PERSON,Sarthak Malvadkar,Dr. Austin Weaver
PERSON,Ganesh Prasad,Elizabeth Martinez
PERSON,the Independent Chartered Engineer,David Jenkins
ORGANIZATION,PICC,"Hill, Wilson and Bennett"
ORGANIZATION,the Maharashtra Pollution Control Board,Evans PLC
PHONE_NUMBER,16949,60573
ORGANIZATION,Care Ratings Limited,Martin-Parker
PERSON,Kushal Subbayya Hegde,Kaitlin Roth
PERSON,Pushpa Kushal Hegde,Robert Alvarez
PERSON,Rajesh Kushal Hegde,James Bailey
PERSON,Rohit Kushal Hegde,Brittany Bass
PERSON,Rakhi Girija Shetty,Cassandra Moore
PERSON,Dinesh Hirachand Munot,Karen Morales
PERSON,Ajay Shriram Patil,James Patterson
ORGANIZATION,Department of Commerce,"Burke, Harris and Stone"
ORGANIZATION,General of Foreign Trade,Moore-Vargas
ORGANIZATION,KSH,"Ellis, Barnett and Keller"
ORGANIZATION,Waterloo Motors Private Limited,"Hall, Woods and Cohen"
ORGANIZATION,KSH Project Management Services Private Limited,Vega LLC
ORGANIZATION,KSH Infra Park 5 Private Limited,"Robinson, Gordon and Delgado"
ORGANIZATION,KSH Infra Park VI Private Limited,Green-Washington
ORGANIZATION,KSH Distriparks Private Limited,"Kelly, Kerr and Solomon"
ORGANIZATION,KSH Integrated Logistics Private Limited,Estrada LLC
ORGANIZATION,Kushal Motors and Electricals Private Limited,Johnson-Ewing
ORGANIZATION,Waterloo Industrial Park I Private Limited,Watson-Harrell
ORGANIZATION,Waterloo Industrial Park II Private Limited,"Lawrence, Kelley and Holloway"
ORGANIZATION,Waterloo Industrial Park III Private Limited,Ellis-Miller
ORGANIZATION,Waterloo Industrial Park IV Private Limited,"Steele, Harris and Dixon"
ORGANIZATION,Waterloo Industrial Park V Private Limited,"Lee, Olsen and Ramirez"
ORGANIZATION,Waterloo Industrial Park VI Private Limited,Mcdowell-Ortega
ORGANIZATION,Waterloo Industrial Park VIII Private Limited,Hart-Lynn
ORGANIZATION,Waterloo Industrial Park IX Private Limited,Evans-Parks
ORGANIZATION,Waterloo Industrial Park IX B Private Limited,"Rivera, Bailey and Mullins"
ORGANIZATION,Waterloo Industrial Park IX A Private Limited,Brown-Taylor
ORGANIZATION,KSH Infra Park IV Private Limited,"Mcdonald, Lloyd and Johnson"
ORGANIZATION,KSH,"Ellis, Barnett and Keller"
ORGANIZATION,KSH,"Ellis, Barnett and Keller"
ORGANIZATION,KSH,"Ellis, Barnett and Keller"
PERSON,Kushal Subbayya Hegde,Kaitlin Roth
PERSON,Pushpa Hegde,Wendy Humphrey
ORGANIZATION,KSH International Limited,Wilson-Davis
ORGANIZATION,KSH International Limited,Wilson-Davis
PERSON,Sarthak Malvadkar,Dr. Austin Weaver
PHONE_NUMBER,+ 91 20 45053237,+ 99 12 83288652
EMAIL_ADDRESS,Sarthak.malvadkar@kshinterantional.com,jeanette.hoffman@example.com
ORGANIZATION,Nuvama Wealth Management Limited,"Bishop, Richard and Williams"
PHONE_NUMBER,+91 22 40094400,+60 99 15393586
EMAIL_ADDRESS,ksh.ipo@nuvama.com,casey.wood@example.com
EMAIL_ADDRESS,customerservice.mb@nuvama.com,brittany.rowland@example.com
PERSON,Lokesh Shah/,Robert Clayton
PHONE_NUMBER,+91 22 6807 7100,+30 59 5621 0339
EMAIL_ADDRESS,ksh@icicisecurities.com,todd.fischer@example.com
EMAIL_ADDRESS,customercare@icicisecurities.com,ronald.peterson@example.com
ORGANIZATION,Nuvama Wealth Management Limited,"Bishop, Richard and Williams"
PHONE_NUMBER,+ 91 22 4009 4400,+ 98 28 2409 7595
EMAIL_ADDRESS,ksh.ipo@nuvama.com,casey.wood@example.com
EMAIL_ADDRESS,prakash.boricha@nuvama.com,micheal.mitchell@example.com
EMAIL_ADDRESS,sheetal.parab@nuvama.com,keith.russell@example.com
PERSON,Prakash Boricha,Lauren Adams
PHONE_NUMBER,+91 22 6807 7100,+30 59 5621 0339
EMAIL_ADDRESS,ksh@icicisecurities.com,todd.fischer@example.com
EMAIL_ADDRESS,customercare@icicisecurities.com,ronald.peterson@example.com
EMAIL_ADDRESS,ipo@trilegal.com,amy.johnson@example.com
PHONE_NUMBER,+91 22 4079 1000,+38 99 5825 4542
ORGANIZATION,MUFG Intime India Private Limited,Coffey PLC
ORGANIZATION,Link Intime India Private Limited,Frey-Jackson
PHONE_NUMBER,+91 81081 14949,+63 37425 96879
EMAIL_ADDRESS,kshinternational.ipo@in.mpms.mufg.com,brenda.clayton@example.com
EMAIL_ADDRESS,kshinternational.ipo@in.mpms.mufg.com,brenda.clayton@example.com
PERSON,Shanti Gopalkrishnan SEBI Registration,Misty Lara
ORGANIZATION,HDFC Bank Limited,Montgomery-Reeves
ORGANIZATION,HDFC Bank Limited,Montgomery-Reeves
PHONE_NUMBER,+91 22 30752929,+75 78 18711329
PHONE_NUMBER,+91 22 30752928,+31 56 48568397
PHONE_NUMBER,+91 22 30752914,+86 92 17718824
EMAIL_ADDRESS,siddharth.jadhav@hdfcbank.com,brandon.roman@example.com
EMAIL_ADDRESS,sachin.gawade@hdfcbank.com,dorothy.guzman@example.com
EMAIL_ADDRESS,eric.bacha@hdfcbank.com,joseph.moore@example.com
EMAIL_ADDRESS,tushar.gavankar@hdfcbank.com,joseph.pennington@example.com
EMAIL_ADDRESS,pravin.teli2@hdfcbank.com,phyllis.thompson@example.com
PERSON,Eric Bacha/,Emily Gates
PERSON,Sachin Gawade/,Kristopher Campbell
PERSON,Pravin Teli/,Jaime Foster
PERSON,Siddharth Jadhav/,Jessica Ray
PERSON,Tushar Gavankar,Frank Parker
ORGANIZATION,ICICI Bank Limited,Moore and Sons
PHONE_NUMBER,022-68052182,664-97534226
EMAIL_ADDRESS,Ipocmg@icicibank.com,melissa.mills@example.com
PERSON,Varun Badai,Lisa Butler
ORGANIZATION,HDFC Bank Limited,Montgomery-Reeves
ORGANIZATION,HDFC Bank Limited,Montgomery-Reeves
PHONE_NUMBER,+91 22 30752929,+75 78 18711329
PHONE_NUMBER,+91 22 30752928,+31 56 48568397
PHONE_NUMBER,+91 22 30752914,+86 92 17718824
EMAIL_ADDRESS,siddharth.jadhav@hdfcbank.com,brandon.roman@example.com
EMAIL_ADDRESS,sachin.gawade@hdfcbank.com,dorothy.guzman@example.com
EMAIL_ADDRESS,eric.bacha@hdfcbank.com,joseph.moore@example.com
EMAIL_ADDRESS,tushar.gavankar@hdfcbank.com,joseph.pennington@example.com
EMAIL_ADDRESS,pravin.teli2@hdfcbank.com,phyllis.thompson@example.com
PERSON,Eric Bacha/,Emily Gates
PERSON,Sachin Gawade/,Kristopher Campbell
PERSON,Pravin Teli/,Jaime Foster
PERSON,Siddharth Jadhav/,Jessica Ray
PERSON,Tushar Gavankar,Frank Parker
ORGANIZATION,ICICI Bank Limited,Moore and Sons
PHONE_NUMBER,022-68052182,664-97534226
EMAIL_ADDRESS,Ipocmg@icicibank.com,melissa.mills@example.com
PERSON,Varun Badai,Lisa Butler
ORGANIZATION,HDFC Bank Limited,Montgomery-Reeves
ORGANIZATION,HDFC Bank Limited,Montgomery-Reeves
PHONE_NUMBER,+91 22 30752929,+75 78 18711329
PHONE_NUMBER,+91 22 30752928,+31 56 48568397
PHONE_NUMBER,+91 22 30752914,+86 92 17718824
EMAIL_ADDRESS,siddharth.jadhav@hdfcbank.com,brandon.roman@example.com
EMAIL_ADDRESS,sachin.gawade@hdfcbank.com,dorothy.guzman@example.com
EMAIL_ADDRESS,eric.bacha@hdfcbank.com,joseph.moore@example.com
EMAIL_ADDRESS,tushar.gavankar@hdfcbank.com,joseph.pennington@example.com
EMAIL_ADDRESS,pravin.teli2@hdfcbank.com,phyllis.thompson@example.com
PERSON,Eric Bacha/,Emily Gates
PERSON,Sachin Gawade/,Kristopher Campbell
PERSON,Pravin Teli/,Jaime Foster
PERSON,Siddharth Jadhav/,Jessica Ray
PERSON,Tushar Gavankar,Frank Parker
ORGANIZATION,"Kirtane & Pandit, LLP",Johnson PLC
ORGANIZATION,Lalit Muljibhai Sarvaiya,"Dorsey, Gomez and Stephens"
ORGANIZATION,Kanj & Co. LLP,Hardin-Johnson
ORGANIZATION,"Kirtane & Pandit, LLP",Johnson PLC
EMAIL_ADDRESS,parag.pansare@kirtanepandit.com,richard.jones@example.com
PHONE_NUMBER,+ 91 (20) 6729 5100,+ 11 (36) 7634 8588
ORGANIZATION,Citibank N.A.,Shaffer-Fleming
PHONE_NUMBER,+91 20 6606 4494,+40 82 2266 2824
PERSON,Hitesh Ramani,Joshua Rogers
EMAIL_ADDRESS,hitesh.ramani@citi.com,dennis.parrish@example.com
ORGANIZATION,Export-Import Bank of India,Heath-Kennedy
PHONE_NUMBER,+91 20 2640 3100,+14 28 4263 3882
PERSON,Chitra Raste Website,Crystal Wright
EMAIL_ADDRESS,pro@eximbankindia.in,monica.jackson@example.com
ORGANIZATION,IndusInd Bank Limited,Cooper Ltd
PHONE_NUMBER,+91-20-26234000,+38-00-57306676
PERSON,Sharmila Joshi Website,Hannah Lee
EMAIL_ADDRESS,sharmila.joshi@indusind.com,christine.frazier@example.com
ORGANIZATION,ICICI Bank Limited,Moore and Sons
ORGANIZATION,ICICI Bank,"Wright, Matthews and Johnston"
ORGANIZATION,CBG,Hahn-Wong
PHONE_NUMBER,+ 91 8879770456,+ 91 7936630661
PERSON,Cherag Gyara Website,Alan Carter
EMAIL_ADDRESS,cherag.gyara@icicibank.com,jennifer.washington@example.com
ORGANIZATION,HDFC Bank Limited,Montgomery-Reeves
PHONE_NUMBER,+91 20 6769 4648,+15 23 1860 2480
PERSON,Manisha Shukla Website,Cassandra Thompson
EMAIL_ADDRESS,manisha.shukla@hdfcbank.com,michael.brown@example.com
ORGANIZATION,State Bank of India,Blair-Smith
ORGANIZATION,Tara Chambers,Jenkins Group
PHONE_NUMBER,+91 20 2561 8211,+39 79 0437 7242
PERSON,Tushar Wakhele Website,Paul Ware
EMAIL_ADDRESS,rm6.ifbpune@sbi.co.in,robert.figueroa@example.com
PHONE_NUMBER,+ 91 91586 40360,+ 80 45932 04970
PERSON,Ashish Mathew Pulloor,Jeffrey Morgan
EMAIL_ADDRESS,ashishmp@federalbank.co.in,justin.davis@example.com
ORGANIZATION,Bajaj Finance Limited,Whitaker Ltd
PERSON,The Capital,Steven Terrell
ORGANIZATION,BKC,"Guzman, Barrett and Ortiz"
PHONE_NUMBER,+91 20 7157 6403,+98 83 8161 5821
PERSON,Anand Soni Website,Steven Rivera
EMAIL_ADDRESS,anand.soni@bajajfinserv.in,scott.white@example.com
ORGANIZATION,CARE Ratings Limited,Martin-Parker
ORGANIZATION,Corporation Finance Department,"Newman, Nixon and Flowers"
ORGANIZATION,Financial Express,Deleon-Keith
ORGANIZATION,Jansatta,Brown PLC
ORGANIZATION,Loksatta,Baker-Berg
ORGANIZATION,QIBs,Johnson-Bishop
PERSON,Sarthak Malvadkar,Dr. Austin Weaver
EMAIL_ADDRESS,cs.connect@kshinternational.com,steven.guzman@example.com
PHONE_NUMBER,+ 91 20 45053237,+ 99 12 83288652
PERSON,KUSHAL SUBBAYYA HEGDE,Kaitlin Roth
PERSON,PUSHPA KUSHAL HEGDE,Robert Alvarez
PERSON,RAJESH KUSHAL HEGDE,James Bailey
PERSON,ROHIT KUSHAL HEGDE,Brittany Bass
PERSON,RAKHI GIRIJA SHETTY,Cassandra Moore
ORGANIZATION,DHAULAGIRI FAMILY,"Arnold, Morse and Williams"
ORGANIZATION,KANCHENJUNGA FAMILY,Shaffer Group
ORGANIZATION,WATERLOO INDUSTRIAL PARK VI PRIVATE LIMITED,Mcdowell-Ortega
PERSON,Kushal Subbayya Hegde,Kaitlin Roth
PERSON,Pushpa Kushal Hegde,Robert Alvarez
PERSON,Rajesh Kushal Hegde,James Bailey
PERSON,Rohit Kushal Hegde,Brittany Bass
ORGANIZATION,Kirtane & Pandit LLP,"Scott, Lee and Rodriguez"
ORGANIZATION,the Securities and Exchange Board of,"Rivas, Webster and Wilkins"
ORGANIZATION,Nuvama	Wealth Management Limited,Lane-Oliver
PERSON,Lokesh Shah/,Robert Clayton
PERSON,Soumavo Sarkar,Maria Grimes
EMAIL_ADDRESS,ksh.ipo@nuvama.com,casey.wood@example.com
PHONE_NUMBER,+91 22 4009 4400,+53 18 3140 1104
ORGANIZATION,Securities Limited,"Carr, Montgomery and Mccoy"
PERSON,Kishan Rastogi/,Raymond Myers
EMAIL_ADDRESS,ksh@icicisecurities.com,todd.fischer@example.com
PHONE_NUMBER,+91 22 6807 7100,+30 59 5621 0339
ORGANIZATION,MUFG Intime India Private Limited,Coffey PLC
ORGANIZATION,Link Intime India Private Limited,Frey-Jackson
PERSON,Shanti Gopalkrishnan,Blake Holland
PHONE_NUMBER,+91 81081 14949,+63 37425 96879
EMAIL_ADDRESS,kshinternational.ipo@in.mpms.mufg.com,brenda.clayton@example.com
PERSON,KUSHAL SUBBAYYA HEGDE,Kaitlin Roth
PERSON,PUSHPA KUSHAL HEGDE,Robert Alvarez
PERSON,RAJESH KUSHAL HEGDE,James Bailey
PERSON,ROHIT KUSHAL HEGDE,Brittany Bass
PERSON,RAKHI GIRIJA SHETTY,Cassandra Moore
ORGANIZATION,DHAULAGIRI FAMILY TRUST,"Torres, Williams and Hill"
PERSON,EVEREST,Henry Davis
ORGANIZATION,MAKALU FAMILY,"Garner, Davis and Adams"
ORGANIZATION,ANNAPURNA FAMILY,Anderson LLC
ORGANIZATION,KANCHENJUNGA FAMILY,Shaffer Group
ORGANIZATION,WATERLOO INDUSTRIAL PARK VI PRIVATE LIMITED,Mcdowell-Ortega
ORGANIZATION,KSH INTERNATIONAL LIMITED,Wilson-Davis
PERSON,KUSHAL SUBBAYYA HEGDE,Kaitlin Roth
PERSON,PUSHPA KUSHAL HEGDE,Robert Alvarez
PERSON,RAJESH KUSHAL HEGDE,James Bailey
PERSON,ROHIT KUSHAL HEGDE,Brittany Bass
ORGANIZATION,the Self Certified Syndicate Banks,Johnson LLC
ORGANIZATION,Nuvama Wealth Management Limited,"Bishop, Richard and Williams"
PHONE_NUMBER,+91 22 40094400,+60 99 15393586
EMAIL_ADDRESS,ksh.ipo@nuvama.com,casey.wood@example.com
EMAIL_ADDRESS,customerservice.mb@nuvama.com,brittany.rowland@example.com
PERSON,Lokesh Shah/,Robert Clayton
ORGANIZATION,ICICI Venture House,"Austin, George and Gordon"
PHONE_NUMBER,+91 22 6807 7100,+30 59 5621 0339
EMAIL_ADDRESS,ksh@icicisecurities.com,todd.fischer@example.com
EMAIL_ADDRESS,customercare@icicisecurities.com,ronald.peterson@example.com
PERSON,Kishan Rastogi,Jessica Ward
ORGANIZATION,MUFG Intime India Private Limited,Coffey PLC
ORGANIZATION,Link Intime India Private Limited,Frey-Jackson
PHONE_NUMBER,+91 81081 14949,+63 37425 96879
EMAIL_ADDRESS,kshinternational.ipo@in.mpms.mufg.com,brenda.clayton@example.com
EMAIL_ADDRESS,kshinternational.ipo@in.mpms.mufg.com,brenda.clayton@example.com
PERSON,Shanti Gopalkrishnan,Blake Holland
ORGANIZATION,KSH International Limited,Wilson-Davis
ORGANIZATION,Kirtane & Pandit LLP,"Scott, Lee and Rodriguez"
ORGANIZATION,CARE Analytics and Advisory Private Limited,Rios and Sons
ORGANIZATION,CARE Analytics and Advisory Private Limited,Rios and Sons
PERSON,Kushal Subbayya Hegde,Kaitlin Roth
PERSON,Sandesh Bhagwat,Sandra Washington
PERSON,Amod Joshi,Jeffrey Wilson
PERSON,Sarthak Malvadkar,Dr. Austin Weaver
ORGANIZATION,Waterloo Industrial Park VI Private Limited,Mcdowell-Ortega
ORGANIZATION,Waterloo Motors Private Limited,"Hall, Woods and Cohen"
ORGANIZATION,KSH Project Management Services Private Limited,Vega LLC
ORGANIZATION,KSH Infra Park 5 Private Limited,"Robinson, Gordon and Delgado"
ORGANIZATION,KSH Infra Park VI Private Limited,Green-Washington
ORGANIZATION,KSH Distriparks Private Limited,"Kelly, Kerr and Solomon"
ORGANIZATION,KSH Integrated Logistics Private Limited,Estrada LLC
ORGANIZATION,Kushal Motors and Electricals Private Limited,Johnson-Ewing
ORGANIZATION,Waterloo Industrial Park I Private Limited,Watson-Harrell
ORGANIZATION,Waterloo Industrial Park II Private Limited,"Lawrence, Kelley and Holloway"
ORGANIZATION,Waterloo Industrial Park III Private Limited,Ellis-Miller
ORGANIZATION,Waterloo Industrial Park IV Private Limited,"Steele, Harris and Dixon"
ORGANIZATION,Waterloo Industrial Park V Private Limited,"Lee, Olsen and Ramirez"
ORGANIZATION,Waterloo Industrial Park VI Private Limited,Mcdowell-Ortega
ORGANIZATION,Waterloo Industrial Park VIII Private Limited,Hart-Lynn
ORGANIZATION,Waterloo Industrial Park IX Private Limited,Evans-Parks
ORGANIZATION,Waterloo Industrial Park IX B Private Limited,"Rivera, Bailey and Mullins"
ORGANIZATION,KSH Infra Park IV,Fisher LLC
PERSON,Lalit Muljibhai Sarvaiya,Christopher Trevino
ORGANIZATION,CARE Analytics and Advisory Private Limited,Rios and Sons
PERSON,Rohit Kushal Hegde,Brittany Bass
PERSON,Rajesh Kushal Hegde,James Bailey
PERSON,Kushal Subbayya Hegde,Kaitlin Roth
PERSON,Pushpa Kushal Hegde,Robert Alvarez
ORGANIZATION,Broad Family Trust,Jones and Sons
ORGANIZATION,Dhaulagiri Family Trust,"Torres, Williams and Hill"
PERSON,Kushal Subbayya Hegde,Kaitlin Roth
PERSON,Pushpa Kushal Hegde,Robert Alvarez
PERSON,Rajesh Kushal Hegde,James Bailey
PERSON,Rohit Kushal Hegde,Brittany Bass
PERSON,Rakhi Girija Shetty,Cassandra Moore
ORGANIZATION,Dhaulagiri Family Trust,"Torres, Williams and Hill"
ORGANIZATION,Everest Family Trust,Krueger and Sons
ORGANIZATION,Makalu Family Trust,Johnson LLC
ORGANIZATION,Family Trust,Erickson and Sons
ORGANIZATION,Annapurna Family Trust,"Bennett, Brown and Matthews"
ORGANIZATION,Kanchenjunga Family Trust,"Jones, Cook and Mckinney"
ORGANIZATION,Waterloo Industrial Park VI Private Limited,Mcdowell-Ortega
PERSON,Kushal Subbayya Hegde,Kaitlin Roth
PERSON,Pushpa Kushal Hegde,Robert Alvarez
PERSON,Rajesh Kushal Hegde,James Bailey
PERSON,Rohit Kushal Hegde,Brittany Bass
ORGANIZATION,Dhaulagiri Family Trust,"Torres, Williams and Hill"
ORGANIZATION,Everest Family Trust,Krueger and Sons
ORGANIZATION,Makalu Family Trust,Johnson LLC
ORGANIZATION,Broad Family Trust,Jones and Sons
ORGANIZATION,Annapurna Family Trust,"Bennett, Brown and Matthews"
ORGANIZATION,Kanchenjunga Family Trust,"Jones, Cook and Mckinney"
PERSON,Rajesh Branch,Meredith Rios
PERSON,Rajesh Kushal Hegde,James Bailey
ORGANIZATION,Everest Family Trust,Krueger and Sons
PERSON,Rakhi Girija Shetty,Cassandra Moore
ORGANIZATION,Annapurna Family Trust,"Bennett, Brown and Matthews"
PERSON,The Registrar of Companies,Melvin Moran
PERSON,Rohit Branch,Kelly Green
PERSON,Rohit Kushal Hegde,Brittany Bass
ORGANIZATION,Makalu Family Trust,Johnson LLC
PERSON,Sangeeta Ramprasad Rai,Troy Dominguez
ORGANIZATION,Kanchenjunga Family Trust,"Jones, Cook and Mckinney"
PERSON,Rakhi Girija Shetty,Cassandra Moore
PERSON,Allottee,Rhonda Jensen
ORGANIZATION,Financial Express,Deleon-Keith
ORGANIZATION,Jansatta,Brown PLC
ORGANIZATION,Loksatta,Baker-Berg
ORGANIZATION,Financial Express,Deleon-Keith
ORGANIZATION,Jansatta,Brown PLC
ORGANIZATION,Loksatta,Baker-Berg
ORGANIZATION,Nuvama Wealth Management Limited,"Bishop, Richard and Williams"
ORGANIZATION,HDFC Bank Limited,Montgomery-Reeves
ORGANIZATION,the Insurance Regulatory and Development Authority of India,Phillips and Sons
ORGANIZATION,CARE Ratings Limited,Martin-Parker
PERSON,Nuvama,Lauren Singh
ORGANIZATION,Nuvama Wealth Management Limited,"Bishop, Richard and Williams"
PERSON,Kushal Subbayya Hegde,Kaitlin Roth
ORGANIZATION,Pushpa Kushal Hegde,Green LLC
PERSON,Rajesh Kushal Hegde,James Bailey
PERSON,Rohit Kushal Hegde,Brittany Bass
ORGANIZATION,Financial express,Deleon-Keith
ORGANIZATION,Jansatta,Brown PLC
ORGANIZATION,Loksatta,Baker-Berg
ORGANIZATION,ICICI Bank Limited,Moore and Sons
ORGANIZATION,HDFC Bank Limited,Montgomery-Reeves
ORGANIZATION,MUFG Intime India Private Limited,Coffey PLC
ORGANIZATION,Link Intime India Private Limited,Frey-Jackson
ORGANIZATION,Karta,Solomon Ltd
ORGANIZATION,MUFG Intime India Private Limited,Coffey PLC
ORGANIZATION,Link Intime India Private Limited,Frey-Jackson
ORGANIZATION,Allottees,"Cobb, Hunter and Gonzalez"
ORGANIZATION,HDFC Bank Limited,Montgomery-Reeves
ORGANIZATION,ICICI Bank Limited,Moore and Sons
ORGANIZATION,the Promoter Selling,Lopez-Bryan
ORGANIZATION,Nuvama Wealth Management Limited,"Bishop, Richard and Williams"
PHONE_NUMBER,20220803-40,64586647-80
PERSON,A.Y.,Lynn Cook
ORGANIZATION,"Customs, Excise and Service Tax Appellate Tribunal",Mccormick LLC
ORGANIZATION,the Lok Sabha,Powell LLC
PERSON,HUF,Edward Colon
ORGANIZATION,International Automotive Task Force,Leonard-Scott
ORGANIZATION,International Organization for Standards,"Jackson, Carroll and Harris"
PERSON,LEI,Sharon Brown
PERSON,MCLR,Laurie Chen
PERSON,Million,Stephanie Young
PERSON,MT,Jacob Conrad
PERSON,NACH,Courtney Peters
ORGANIZATION,National Automated Clearing House,Vance-Martinez
PERSON,NRI,Carol Colon
PERSON,PAT,Jared Green
PERSON,SEBI,Brandon Mills
PERSON,ADAS,Sheri Vazquez
PERSON,AMRUT,Mark Potter
ORGANIZATION,Atal Mission for Rejuvenation and Urban Transformation,Anderson-Pace
PERSON,BESS,Chelsea Davila
PERSON,BIS,Jacqueline Carter
ORGANIZATION,Bureau of Indian Standards,"Ryan, Schroeder and Williams"
ORGANIZATION,BLDC,Johnston Group
ORGANIZATION,CEA,Davis-Carney
ORGANIZATION,Central Electricity Authority,"Hodge, Wilson and Thomas"
ORGANIZATION,CERC,Martinez LLC
ORGANIZATION,Central Electricity Regulatory Commission,Rich Inc
PERSON,CKM,Willie Taylor
PERSON,DDUGJY,Louis Daniel
PERSON,Deen Dayal Upadhyaya,Rebecca Walters
ORGANIZATION,DFI,Hall-Edwards
ORGANIZATION,Development Finance Institution,Steele Ltd
ORGANIZATION,DFIA,"Morales, Brooks and Ortega"
PERSON,EMIS,Eric Dougherty PhD
ORGANIZATION,EPCG,Lopez PLC
PERSON,FE,Robert Strickland
ORGANIZATION,FHP,Carr-Gibson
ORGANIZATION,FSA,Kim Ltd
ORGANIZATION,FTA,Reid-Stone
PERSON,GNDI,Franklin Glass
ORGANIZATION,GVA,Olson-Williams
PERSON,GW,Scott Garrett
PERSON,GWH,Kendra Peters
ORGANIZATION,HVAC,Aguilar PLC
ORGANIZATION,HVDC,Cox-Humphrey
ORGANIZATION,International Automotive Task Force,Leonard-Scott
PERSON,IEA,Anthony Vega
ORGANIZATION,International Energy Agency,Harvey Ltd
PERSON,IEBR,Kevin Blake
ORGANIZATION,IEC,Ramirez-Peters
ORGANIZATION,International Electrotechnical Commission,Scott LLC
ORGANIZATION,IMF,"Clarke, Brown and Garner"
ORGANIZATION,International Monetary Fund,Cook-Heath
ORGANIZATION,LPG,Alvarez-Little
PERSON,LT,Jason Dyer
ORGANIZATION,Ministry of Statistics and Programme Implementation,"Glenn, Clark and Gonzalez"
PERSON,MVA,Matthew Jenkins
PERSON,MW,Amanda Smith
PERSON,Megawatt,Adrian Walter
ORGANIZATION,MWW,Carlson Group
PERSON,NEMMP,Trevor West
PERSON,NMP,Stephanie Williams DDS
ORGANIZATION,OTG,Smith-Walsh
PERSON,PAT,Jared Green
ORGANIZATION,PFCE,Blankenship-Ballard
PERSON,PMAY,Matthew Oconnor
PERSON,KUSUM,Timothy Levine
PERSON,PV,Brian Hayes
PERSON,PWIL,Jamie Sanders
ORGANIZATION,Precision Wires India Limited,Navarro Ltd
PERSON,QSR,Tammy Brown
PERSON,RPO,Kimberly Wallace
PERSON,SAE,Kenneth Weeks
ORGANIZATION,Solar Energy Corporation of India Limited,Dixon-Cox
PERSON,UL,Tiffany Berry
ORGANIZATION,Underwriters Laboratories,Barker-Murillo
ORGANIZATION,W&C,Freeman-Valencia
PERSON,WEO,Ian Mcdonald
PERSON,S.,Brianna Choi
PERSON,Kushal Subbayya Hegde,Kaitlin Roth
PERSON,Pushpa Kushal Hegde,Robert Alvarez
PERSON,Rajesh Kushal Hegde,James Bailey
PERSON,Rohit Kushal Hegde,Brittany Bass
PERSON,Rakhi Girija Shetty,Cassandra Moore
ORGANIZATION,Dhaulagiri Family Trust,"Torres, Williams and Hill"
ORGANIZATION,Makalu Family Trust,Johnson LLC
ORGANIZATION,Broad Family Trust,Jones and Sons
ORGANIZATION,Annapurna Family Trust,"Bennett, Brown and Matthews"
ORGANIZATION,Kanchenjunga Family Trust,"Jones, Cook and Mckinney"
PERSON,Maithili Rajesh Hegde,Denise Wyatt
PERSON,Katyayani Balasubramanian,Stacey Gibson
PERSON,Subbayya Hegde,Debra Davis
PERSON,Kushal Hegde,Sara Mendoza
PERSON,Kushal Hegde,Sara Mendoza
PERSON,Kushal Hegde,Sara Mendoza
PERSON,Rakhi Girija Shetty,Cassandra Moore
ORGANIZATION,Dhaulagiri Family Trust,"Torres, Williams and Hill"
ORGANIZATION,Makalu	Family Trust,Wallace-Frank
ORGANIZATION,Broad Family Trust,Jones and Sons
ORGANIZATION,Annapurna Family Trust,"Bennett, Brown and Matthews"
ORGANIZATION,Kanchenjunga Family Trust,"Jones, Cook and Mckinney"
PERSON,Maithili	Rajesh Hegde,Amy Johnson
PERSON,Katyayani Balasubramanian,Stacey Gibson
ORGANIZATION,Malabar India Fund Limited,Davis Group
PERSON,Rupal K. Sancheti,Michelle Wyatt
PERSON,Salil Ajay Bhargava,Michele Gonzalez
PERSON,Jabeen Ajay Menon,Victoria Ibarra
PERSON,Ajay Menon,Marie Bailey
PERSON,Sunil	Nagayya Shetty,Jose Curtis
ORGANIZATION,Kushal Electricals,Rose Inc
ORGANIZATION,Waterloo Motors,Johnson-Rodriguez
PERSON,KSH,Catherine Meyer
ORGANIZATION,Private Limited,Trujillo-Cisneros
ORGANIZATION,Parijat Foundation,Carter Inc
PERSON,Kushal Subbayya Hegde,Kaitlin Roth
PERSON,Pushpa Kushal Hegde,Robert Alvarez
PERSON,Rajesh Kushal Hegde,James Bailey
PERSON,Rohit Kushal Hegde,Brittany Bass
PERSON,Rakhi Girija Shetty,Cassandra Moore
ORGANIZATION,Dhaulagiri Family Trust,"Torres, Williams and Hill"
ORGANIZATION,Makalu Family Trust,Johnson LLC
ORGANIZATION,Broad Family Trust,Jones and Sons
ORGANIZATION,Annapurna Family Trust,"Bennett, Brown and Matthews"
ORGANIZATION,Kanchenjunga Family Trust,"Jones, Cook and Mckinney"
PERSON,384.01,Sarah Carson
PERSON,384.01,Sarah Carson
PERSON,384.01,Sarah Carson
PERSON,Kushal Subbayya Hegde,Kaitlin Roth
PERSON,Pushpa Kushal Hegde,Robert Alvarez
PERSON,Rajesh Kushal Hegde,James Bailey
PERSON,Rohit Kushal Hegde,Brittany Bass
PERSON,Rakhi Girija Shetty,Cassandra Moore
ORGANIZATION,Dhaulagiri Family Trust,"Torres, Williams and Hill"
ORGANIZATION,Makalu Family Trust,Johnson LLC
ORGANIZATION,Broad Family Trust,Jones and Sons
ORGANIZATION,Annapurna Family Trust,"Bennett, Brown and Matthews"
ORGANIZATION,Kanchenjunga Family Trust,"Jones, Cook and Mckinney"
PERSON,Kushal Subbayya Hegde*^,Brendan Lawrence
PERSON,Pushpa Kushal Hegde*^,Jonathan Holt PhD
PERSON,Rajesh Kushal Hegde*^,Jason Walker
PERSON,Rohit Kushal Hegde*^,Kayla Brewer
PERSON,Rakhi Girija Shetty,Cassandra Moore
PERSON,Rakhi Girija Shetty^&,Kathleen Jimenez
ORGANIZATION,Makalu Family Trust,Johnson LLC
ORGANIZATION,Annapurna Family Trust,"Bennett, Brown and Matthews"
ORGANIZATION,Kanchenjunga Family Trust,"Jones, Cook and Mckinney"
PERSON,Maithili Rajesh Hegde,Denise Wyatt
PERSON,Maithili Rajesh Hegde^,Tammy Dudley
PERSON,Katyayani Balasubramanian,Stacey Gibson
PERSON,Katyayani Balasubramanian,Stacey Gibson
ORGANIZATION,Dhaulagiri Family Trust,"Torres, Williams and Hill"
PERSON,Kushal Subbayya Hegde,Kaitlin Roth
ORGANIZATION,Makalu Family Trust,Johnson LLC
PERSON,Kushal Subbayya Hegde,Kaitlin Roth
PERSON,Kushal Subbayya Hegde,Kaitlin Roth
ORGANIZATION,Kanchenjunga Family Trust,"Jones, Cook and Mckinney"
PERSON,Pushpa Kushal Hegde,Robert Alvarez
ORGANIZATION,Annapurna Family Trust,"Bennett, Brown and Matthews"
PERSON,Pushpa Kushal Hegde,Robert Alvarez
ORGANIZATION,Broad Family Trust,Jones and Sons
PERSON,Pushpa Kushal Hegde,Robert Alvarez
PERSON,352.56,William Fernandez
PERSON,384.27,Ronald Miller
PERSON,S.,Brianna Choi
PERSON,12167.69,Susan Harris
PERSON,Gujarat,Melissa Torres
PERSON,S.,Brianna Choi
PERSON,Kushal Hegde,Sara Mendoza
PERSON,Shetty,Chloe Wright
PERSON,Gopal BO,Randy Lopez
PERSON,Kushal Hegde,Sara Mendoza
PERSON,Karunakar Bhandary,Daniel Brown
PERSON,SA Shetty,Shane Juarez
PERSON,Kushal Hegde,Sara Mendoza
PERSON,Jayaram Shetty,Jasmine Cross
PERSON,Kushal Hegde,Sara Mendoza
PERSON,Karunakar Hegde,Caroline Thomas
ORGANIZATION,Karunakar Hegde HUF,Snyder-Mccoy
PERSON,Karunakar Hegde,Caroline Thomas
PERSON,Rajesh Kushal Hegde,James Bailey
PERSON,Narayana B. Shetty,Johnny Chavez
PERSON,Kushal Hegde,Sara Mendoza
ORGANIZATION,Shubhkamal Leasing and Investment Private Limited,Thompson-Clark
PERSON,Rohit Hegde,Isaac Trujillo
ORGANIZATION,Karunakar Hegde HUF,Snyder-Mccoy
PERSON,Rajesh Kushal Hegde,James Bailey
ORGANIZATION,Shubhkamal Leasing and Investment Private Limited,Thompson-Clark
PERSON,Rajesh Hegde,Angela Foster
PERSON,Vijay Hegde,Diane Krause
PERSON,Rohit Hegde,Isaac Trujillo
PERSON,Vijay Hegde,Diane Krause
PERSON,Kushal Hegde,Sara Mendoza
PERSON,Rajesh Hegde,Angela Foster
PERSON,Rohit Hegde,Isaac Trujillo
PERSON,Kushal Hegde,Sara Mendoza
PERSON,Rajesh Hegde,Angela Foster
PERSON,Rohit Hegde,Isaac Trujillo
PERSON,Pushpa Hegde,Wendy Humphrey
ORGANIZATION,s	State Insurance,Price-Lee
PERSON,192B,Sarah Martin
ORGANIZATION,Labour Welfare,"Taylor, Sheppard and Villarreal"
ORGANIZATION,Goods and Services Tax,Nelson-Wright
PERSON,Kushal Subbayya Hegde,Kaitlin Roth
PERSON,Pushpa Kushal Hegde,Robert Alvarez
PERSON,Rajesh Kushal Hegde,James Bailey
PERSON,Rohit Kushal Hegde,Brittany Bass
PERSON,Kushal Subbayya Hegde,Kaitlin Roth
DIRECTOR_ID_NUMBER,00135070,61154900
PHYSICAL_ADDRESS,"S. no. 245/ 104, Pushpakamal, Deccan Gymkhana Society, lane no. 3 Prabhat Road, opposite PYC basketball court, Deccan Gymkhana, Pune – 411 004 Maharashtra, India","01743 Lopez Square, North Karenmouth – 76971, Alaska, India"
PERSON,Rajesh Kushal Hegde,James Bailey
DIRECTOR_ID_NUMBER,00114193,54277916
PHYSICAL_ADDRESS,"12 Buena Monte, NCL co-operative housing society, Panchvati, Pashan, Pune – 411 008, Maharashtra, India","1727 Michael Points, Port Sarahhaven – 31469, South Carolina, India"
PERSON,Rohit Kushal Hegde,Brittany Bass
DIRECTOR_ID_NUMBER,00134926,02552030
PHYSICAL_ADDRESS,"Pushpakamal Apartment, Flat – 1, S. no. 245/ 104, Prabhat Road Lane no. 3, Shivaji Nagar, Deccan Gymkhana, Pune – 411 004, Maharashtra, India","31456 Brown Harbor, Paulberg – 11325, Arizona, India"
PERSON,Rakhi Girija Shetty,Cassandra Moore
DIRECTOR_ID_NUMBER,03124510,33809216
PHYSICAL_ADDRESS,"S. no. 245/ 104, Pushpakamal, Deccan Gymkhana Society, lane no.","785 Pittman Village, Lawrencechester – 39982, Massachusetts, India"
PHYSICAL_ADDRESS,"3 Prabhat Road, opposite PYC basketball court, Erandawane, Deccan Gymkhana, Pune – 411 004 Maharashtra, India","992 Anita Knolls, Davisport – 69154, Nevada, India"
PERSON,Dinesh Hirachand Munot,Karen Morales
DIRECTOR_ID_NUMBER,00049801,79831836
PHYSICAL_ADDRESS,"Pratik Bunglow, Senapati Bapat Road, behind Sahara Hotel, Shivajinagar, Model Colony, Pune – 411 016, Maharashtra, India","9441 Wilkins Loop, Patriciaview – 59907, Mississippi, India"
PERSON,Ajay Shriram Patil,James Patterson
DIRECTOR_ID_NUMBER,01217000,41719499
PHYSICAL_ADDRESS,"602, Gopalkrupa Apartment, Bhonde colony, Prabhat Road, Erandawane, Pune – 411 004, Maharashtra, India","7239 Noah Knoll, Stacyton – 46670, Pennsylvania, India"
PERSON,Ram Kumar Tiwari,Mallory Foley
DIRECTOR_ID_NUMBER,10938958,37007195
PHYSICAL_ADDRESS,"A-259, JK Road, Minal Residency, Huzur, Govindpura, Bhopal – 462 023, Madhya Pradesh, India","34586 Anthony Plains, Karaview – 48922, North Dakota, India"
PERSON,Indu Jacob,Samuel Flores
DIRECTOR_ID_NUMBER,05293084,26047484
PHYSICAL_ADDRESS,"A29, Abhimanshree Society, Pashan Road, Pune – 411 008, Maharashtra, India","958 Weaver Lake, Whiteport – 77429, Vermont, India"
PERSON,Nuvama,Lauren Singh
PERSON,Nuvama,Lauren Singh
PERSON,Nuvama,Lauren Singh
PERSON,Nuvama,Lauren Singh
PERSON,Nuvama,Lauren Singh
ORGANIZATION,Stock-Exchanges,"Martin, Lyons and Woodward"
ORGANIZATION,"Kirtane & Pandit, LLP",Johnson PLC
ORGANIZATION,HDFC Limited,Giles Inc
EMAIL_ADDRESS,parag.pansare@kirtanepandit.com,richard.jones@example.com
PHONE_NUMBER,+ 91 20 6729 5100,+ 55 98 8014 9785
ORGANIZATION,Hingne Tare & Associates,Coleman-Mccormick
EMAIL_ADDRESS,hingnetare@gmail.com,bruce.jenkins@example.com
